[
{
    "model": "store.customer",
    "pk": 18,
    "fields": {
        "user": 13,
        "name": null,
        "email": "",
        "device": null
    }
},
{
    "model": "store.customer",
    "pk": 19,
    "fields": {
        "user": 14,
        "name": null,
        "email": "",
        "device": null
    }
},
{
    "model": "store.customer",
    "pk": 20,
    "fields": {
        "user": 15,
        "name": null,
        "email": "",
        "device": null
    }
},
{
    "model": "store.product",
    "pk": 2,
    "fields": {
        "name": "T-Shirt",
        "price": "200.0",
        "discount": "5.0",
        "digital": false,
        "image": "images/tshirt.jpeg",
        "category": "Mens shoes and clothing"
    }
},
{
    "model": "store.product",
    "pk": 3,
    "fields": {
        "name": "Pant",
        "price": "99.0",
        "discount": "5.0",
        "digital": false,
        "image": "images/pant.jpeg",
        "category": "Mens shoes and clothing"
    }
},
{
    "model": "store.product",
    "pk": 5,
    "fields": {
        "name": "Kaspersky Antivirus",
        "price": "450.0",
        "discount": "0.0",
        "digital": true,
        "image": "images/kaspersky_aXHsjiy.jpeg",
        "category": "Antivirus"
    }
},
{
    "model": "store.product",
    "pk": 8,
    "fields": {
        "name": "Blue Jeans Jacket",
        "price": "45.0",
        "discount": "5.0",
        "digital": false,
        "image": "images/jeans_jacket.webp",
        "category": "Mens shoes and clothing"
    }
},
{
    "model": "store.product",
    "pk": 10,
    "fields": {
        "name": "Champion Men's Jersey Jogger",
        "price": "25.0",
        "discount": "10.0",
        "digital": false,
        "image": "images/mens_jogger.jpg",
        "category": "Mens shoes and clothing"
    }
},
{
    "model": "store.product",
    "pk": 11,
    "fields": {
        "name": "Big Short Sleeve Hooded T-Shirt",
        "price": "20.0",
        "discount": "10.0",
        "digital": false,
        "image": "images/jarsi_men.jpg",
        "category": "Mens shoes and clothing"
    }
},
{
    "model": "store.product",
    "pk": 12,
    "fields": {
        "name": "Champion Women's Classic Jersey",
        "price": "18.0",
        "discount": "5.0",
        "digital": false,
        "image": "images/women_jersey.jpg",
        "category": "Womens shoes and clothing"
    }
},
{
    "model": "store.product",
    "pk": 13,
    "fields": {
        "name": "Athletic Knit Jogger Pants",
        "price": "29.0",
        "discount": "5.0",
        "digital": false,
        "image": "images/jogger_men.jpg",
        "category": "Mens shoes and clothing"
    }
},
{
    "model": "store.product",
    "pk": 14,
    "fields": {
        "name": "Stylish Soft Tri Blend Racerback Tank Top",
        "price": "20.0",
        "discount": "5.0",
        "digital": false,
        "image": "images/soft_half_tshirt.jpg",
        "category": "Womens shoes and clothing"
    }
},
{
    "model": "store.product",
    "pk": 15,
    "fields": {
        "name": "Relaxed-Fit Long-Sleeve Jacket",
        "price": "25.0",
        "discount": "5.0",
        "digital": false,
        "image": "images/women_fitlong_sleeve.jpg",
        "category": "Womens shoes and clothing"
    }
},
{
    "model": "store.product",
    "pk": 16,
    "fields": {
        "name": "Hanes Women's Nano T-Shirt",
        "price": "22.0",
        "discount": "10.0",
        "digital": false,
        "image": "images/women_tshirt.jpg",
        "category": "Womens shoes and clothing"
    }
},
{
    "model": "store.product",
    "pk": 17,
    "fields": {
        "name": "Women's Comfort R Wire Free Bra",
        "price": "15.0",
        "discount": "10.0",
        "digital": false,
        "image": "images/women_bara.jpg",
        "category": "Womens shoes and clothing"
    }
},
{
    "model": "store.product",
    "pk": 18,
    "fields": {
        "name": "Jersey Polo with SpotShield",
        "price": "18.0",
        "discount": "10.0",
        "digital": false,
        "image": "images/jarzees_ladies.jpg",
        "category": "Womens shoes and clothing"
    }
},
{
    "model": "store.product",
    "pk": 19,
    "fields": {
        "name": "Michael Kors Women's Jet Set Item",
        "price": "50.0",
        "discount": "10.0",
        "digital": false,
        "image": "images/bag1.jpg",
        "category": "Womens shoes and clothing"
    }
},
{
    "model": "store.product",
    "pk": 20,
    "fields": {
        "name": "Harly Kitch Mini Barrel Crossbody",
        "price": "45.0",
        "discount": "10.0",
        "digital": false,
        "image": "images/bag2.jpg",
        "category": "Womens shoes and clothing"
    }
},
{
    "model": "store.product",
    "pk": 21,
    "fields": {
        "name": "ALDO Yilari Dome Satchel Handbag",
        "price": "20.0",
        "discount": "10.0",
        "digital": false,
        "image": "images/bag3.jpg",
        "category": "Womens shoes and clothing"
    }
},
{
    "model": "store.product",
    "pk": 22,
    "fields": {
        "name": "DASEIN Women's Handbags Purses",
        "price": "60.0",
        "discount": "13.0",
        "digital": false,
        "image": "images/bag4.jpg",
        "category": "Womens shoes and clothing"
    }
},
{
    "model": "store.product",
    "pk": 23,
    "fields": {
        "name": "Rubber shoes",
        "price": "30.0",
        "discount": "10.0",
        "digital": false,
        "image": "images/shoes.jpg",
        "category": "Mens shoes and clothing"
    }
},
{
    "model": "store.product",
    "pk": 24,
    "fields": {
        "name": "Puma Shoes",
        "price": "25.0",
        "discount": "0.0",
        "digital": false,
        "image": "images/menshoes3.jpg",
        "category": "Mens shoes and clothing"
    }
},
{
    "model": "store.product",
    "pk": 25,
    "fields": {
        "name": "Adidas Shoes",
        "price": "33.0",
        "discount": "0.0",
        "digital": false,
        "image": "images/menshoes.jpg",
        "category": "Mens shoes and clothing"
    }
},
{
    "model": "store.product",
    "pk": 26,
    "fields": {
        "name": "Nike shoes",
        "price": "16.0",
        "discount": "10.0",
        "digital": false,
        "image": "images/menshoes2.jpg",
        "category": "Mens shoes and clothing"
    }
},
{
    "model": "store.product",
    "pk": 27,
    "fields": {
        "name": "Short hill",
        "price": "34.0",
        "discount": "10.0",
        "digital": false,
        "image": "images/ladies_shoes3.jpg",
        "category": "Womens shoes and clothing"
    }
},
{
    "model": "store.product",
    "pk": 28,
    "fields": {
        "name": "Ladies cotton shoes",
        "price": "9.0",
        "discount": "5.0",
        "digital": false,
        "image": "images/ladies_shoes.jpg",
        "category": "Womens shoes and clothing"
    }
},
{
    "model": "store.product",
    "pk": 29,
    "fields": {
        "name": "Rubber shoes",
        "price": "13.0",
        "discount": "10.0",
        "digital": false,
        "image": "images/ladyshoes2.jpg",
        "category": "Womens shoes and clothing"
    }
},
{
    "model": "store.product",
    "pk": 30,
    "fields": {
        "name": "Acer Aspire",
        "price": "990.0",
        "discount": "10.0",
        "digital": false,
        "image": "images/acer_aspire.jpg",
        "category": "Laptop"
    }
},
{
    "model": "store.product",
    "pk": 31,
    "fields": {
        "name": "Acer Predator Gaming",
        "price": "1200.0",
        "discount": "0.0",
        "digital": false,
        "image": "images/acer_predator.jpg",
        "category": "Laptop"
    }
},
{
    "model": "store.product",
    "pk": 32,
    "fields": {
        "name": "New Apple MacBook Air (13-inch, 8GB RAM, 256GB SSD Storage) - Silver",
        "price": "1450.0",
        "discount": "5.0",
        "digital": false,
        "image": "images/mackbook.jpg",
        "category": "Laptop"
    }
},
{
    "model": "store.product",
    "pk": 33,
    "fields": {
        "name": "Apple 13\" MacBook Air Core i5 CPU, 8GB RAM (2017 Model 128GB)",
        "price": "1300.0",
        "discount": "0.0",
        "digital": false,
        "image": "images/mackbook2.jpg",
        "category": "Laptop"
    }
},
{
    "model": "store.product",
    "pk": 34,
    "fields": {
        "name": "HP Stream 14-inch Laptop, Intel Celeron N4000, 4 GB RAM, 64 GB eMMC, Windows 10",
        "price": "990.0",
        "discount": "0.0",
        "digital": false,
        "image": "images/hp.jpg",
        "category": "Laptop"
    }
},
{
    "model": "store.product",
    "pk": 35,
    "fields": {
        "name": "Lenovo 100E Chromebook 2ND Gen Laptop, 11.6\" HD (1366 X 768) Display, MediaTek MT8173C Processor, 4GB LPDDR3 RAM",
        "price": "700.0",
        "discount": "0.0",
        "digital": false,
        "image": "images/lenovo.jpg",
        "category": "Laptop"
    }
},
{
    "model": "store.product",
    "pk": 36,
    "fields": {
        "name": "Canon PowerShot SX420 Digital Camera",
        "price": "1800.0",
        "discount": "10.0",
        "digital": false,
        "image": "images/canon.jpg",
        "category": "Camera"
    }
},
{
    "model": "store.product",
    "pk": 37,
    "fields": {
        "name": "Sony (DSCW800) 20.1 MP Digital Camera (Silver)",
        "price": "560.0",
        "discount": "15.0",
        "digital": false,
        "image": "images/sony.jpg",
        "category": "Camera"
    }
},
{
    "model": "store.product",
    "pk": 38,
    "fields": {
        "name": "Panasonic Lumix FZ300 Long Zoom Digital Camera Features 12.1 Megapixel, 1/2.3-Inch Sensor,",
        "price": "1400.0",
        "discount": "5.0",
        "digital": false,
        "image": "images/panasonic.jpg",
        "category": "Camera"
    }
},
{
    "model": "store.product",
    "pk": 39,
    "fields": {
        "name": "Kodak PIXPRO Friendly Zoom FZ53-BK 16MP Digital Camera with 5X Optical Zoom and 2.7\" LCD Screen (Black)",
        "price": "860.0",
        "discount": "10.0",
        "digital": false,
        "image": "images/kodak.jpg",
        "category": "Camera"
    }
},
{
    "model": "store.product",
    "pk": 40,
    "fields": {
        "name": "Canon Digital Rebel XT DSLR Camera with EF-S 18-55mm f3.5-5.6 Lens (Black)",
        "price": "1500.0",
        "discount": "10.0",
        "digital": false,
        "image": "images/canon2.jpg",
        "category": "Camera"
    }
},
{
    "model": "store.product",
    "pk": 41,
    "fields": {
        "name": "Cam Viewer for Foscam cameras",
        "price": "350.0",
        "discount": "10.0",
        "digital": false,
        "image": "images/camviewer.jpeg",
        "category": "Camera"
    }
},
{
    "model": "store.product",
    "pk": 42,
    "fields": {
        "name": "Minolta 20 Mega Pixels High Wi-Fi Digital Camera with 35x Optical Zoom, 1080p HD Video & 3\" LCD, Purple (MN35Z-BK)",
        "price": "1800.0",
        "discount": "5.0",
        "digital": false,
        "image": "images/minolta.jpg",
        "category": "Camera"
    }
},
{
    "model": "store.product",
    "pk": 43,
    "fields": {
        "name": "Samsung Galaxy S20 5G Factory Unlocked 128GB",
        "price": "1100.0",
        "discount": "10.0",
        "digital": false,
        "image": "images/S20.jpg",
        "category": "Mobile"
    }
},
{
    "model": "store.product",
    "pk": 44,
    "fields": {
        "name": "Samsung Galaxy A70 (128GB, 6GB RAM) 6.7\" in-Screen Fingerprint, 25W Super-Fast Charger",
        "price": "800.0",
        "discount": "10.0",
        "digital": false,
        "image": "images/a70.jpg",
        "category": "Mobile"
    }
},
{
    "model": "store.product",
    "pk": 46,
    "fields": {
        "name": "Apple iPhone 6S, 64GB, Rose Gold",
        "price": "750.0",
        "discount": "10.0",
        "digital": false,
        "image": "images/6s.jpg",
        "category": "Mobile"
    }
},
{
    "model": "store.product",
    "pk": 50,
    "fields": {
        "name": "Samsung Galaxy S9 G960U 64GB Unlocked 4G LTE Phone w/ 12MP Camera",
        "price": "1002.0",
        "discount": "10.0",
        "digital": false,
        "image": "images/S9.jpg",
        "category": "Mobile"
    }
},
{
    "model": "store.product",
    "pk": 52,
    "fields": {
        "name": "iPhone 5S Silver 16GB",
        "price": "540.0",
        "discount": "5.0",
        "digital": false,
        "image": "images/iphone_5s.jpg",
        "category": "Mobile"
    }
},
{
    "model": "store.product",
    "pk": 53,
    "fields": {
        "name": "REDMI Note8 Pro 6+128Gb White EU",
        "price": "290.0",
        "discount": "5.0",
        "digital": false,
        "image": "images/redmi_note8.jpg",
        "category": "Mobile"
    }
},
{
    "model": "store.product",
    "pk": 55,
    "fields": {
        "name": "Xiaomi Mi Note 10 128GB 108MP Penta Camera 6.47\u2033",
        "price": "389.0",
        "discount": "5.0",
        "digital": false,
        "image": "images/Xiaomi_note_10_b7xv2sk.jpg",
        "category": "Mobile"
    }
},
{
    "model": "store.product",
    "pk": 56,
    "fields": {
        "name": "Xiaomi Mi 9T (128GB, 6GB RAM) 6.39\"",
        "price": "360.0",
        "discount": "5.0",
        "digital": false,
        "image": "images/mi_9T.jpg",
        "category": "Mobile"
    }
},
{
    "model": "store.order",
    "pk": 1,
    "fields": {
        "customer": null,
        "date_ordered": "2020-05-06T13:01:26.184Z",
        "complete": true,
        "transaction_id": "1589011469.66677"
    }
},
{
    "model": "store.order",
    "pk": 2,
    "fields": {
        "customer": null,
        "date_ordered": "2020-05-09T07:42:48.886Z",
        "complete": true,
        "transaction_id": "1589010168.841341"
    }
},
{
    "model": "store.order",
    "pk": 3,
    "fields": {
        "customer": null,
        "date_ordered": "2020-05-09T07:43:27.055Z",
        "complete": true,
        "transaction_id": "1589010207.035572"
    }
},
{
    "model": "store.order",
    "pk": 4,
    "fields": {
        "customer": null,
        "date_ordered": "2020-05-09T07:45:52.273Z",
        "complete": true,
        "transaction_id": "1589010352.257504"
    }
},
{
    "model": "store.order",
    "pk": 5,
    "fields": {
        "customer": null,
        "date_ordered": "2020-05-09T08:04:34.549Z",
        "complete": true,
        "transaction_id": "1589011508.719999"
    }
},
{
    "model": "store.order",
    "pk": 6,
    "fields": {
        "customer": null,
        "date_ordered": "2020-05-09T08:05:13.662Z",
        "complete": true,
        "transaction_id": "1589012587.110038"
    }
},
{
    "model": "store.order",
    "pk": 7,
    "fields": {
        "customer": null,
        "date_ordered": "2020-05-09T08:23:09.501Z",
        "complete": true,
        "transaction_id": "1589012643.469029"
    }
},
{
    "model": "store.order",
    "pk": 8,
    "fields": {
        "customer": null,
        "date_ordered": "2020-05-09T08:24:07.079Z",
        "complete": true,
        "transaction_id": "1589017474.24805"
    }
},
{
    "model": "store.order",
    "pk": 9,
    "fields": {
        "customer": null,
        "date_ordered": "2020-05-09T09:19:40.477Z",
        "complete": true,
        "transaction_id": "1589015980.453702"
    }
},
{
    "model": "store.order",
    "pk": 10,
    "fields": {
        "customer": null,
        "date_ordered": "2020-05-09T09:44:36.347Z",
        "complete": true,
        "transaction_id": "1589017511.64228"
    }
},
{
    "model": "store.order",
    "pk": 11,
    "fields": {
        "customer": null,
        "date_ordered": "2020-05-09T09:45:13.978Z",
        "complete": true,
        "transaction_id": "1589017617.078847"
    }
},
{
    "model": "store.order",
    "pk": 12,
    "fields": {
        "customer": null,
        "date_ordered": "2020-05-09T09:46:59.129Z",
        "complete": true,
        "transaction_id": "1589017807.515824"
    }
},
{
    "model": "store.order",
    "pk": 13,
    "fields": {
        "customer": null,
        "date_ordered": "2020-05-09T09:50:09.768Z",
        "complete": true,
        "transaction_id": "1589018173.697462"
    }
},
{
    "model": "store.order",
    "pk": 14,
    "fields": {
        "customer": null,
        "date_ordered": "2020-05-09T09:56:16.208Z",
        "complete": true,
        "transaction_id": "1589019928.201607"
    }
},
{
    "model": "store.order",
    "pk": 15,
    "fields": {
        "customer": null,
        "date_ordered": "2020-05-09T10:25:30.565Z",
        "complete": true,
        "transaction_id": "1589019959.628262"
    }
},
{
    "model": "store.order",
    "pk": 16,
    "fields": {
        "customer": null,
        "date_ordered": "2020-05-09T10:48:03.754Z",
        "complete": true,
        "transaction_id": "1589021312.706541"
    }
},
{
    "model": "store.order",
    "pk": 17,
    "fields": {
        "customer": null,
        "date_ordered": "2020-05-09T10:48:38.501Z",
        "complete": true,
        "transaction_id": "1589021394.745871"
    }
},
{
    "model": "store.order",
    "pk": 18,
    "fields": {
        "customer": null,
        "date_ordered": "2020-05-09T10:49:57.120Z",
        "complete": true,
        "transaction_id": "1589095659.379213"
    }
},
{
    "model": "store.order",
    "pk": 19,
    "fields": {
        "customer": null,
        "date_ordered": "2020-05-09T11:39:21.796Z",
        "complete": true,
        "transaction_id": "1589024361.772311"
    }
},
{
    "model": "store.order",
    "pk": 20,
    "fields": {
        "customer": null,
        "date_ordered": "2020-05-09T12:21:44.573Z",
        "complete": true,
        "transaction_id": "1589026904.543063"
    }
},
{
    "model": "store.order",
    "pk": 21,
    "fields": {
        "customer": null,
        "date_ordered": "2020-05-10T07:27:42.340Z",
        "complete": true,
        "transaction_id": "1589096385.098118"
    }
},
{
    "model": "store.order",
    "pk": 22,
    "fields": {
        "customer": null,
        "date_ordered": "2020-05-10T07:46:54.424Z",
        "complete": true,
        "transaction_id": "1589096853.996811"
    }
},
{
    "model": "store.order",
    "pk": 23,
    "fields": {
        "customer": null,
        "date_ordered": "2020-05-10T07:49:50.041Z",
        "complete": true,
        "transaction_id": "1589097008.845714"
    }
},
{
    "model": "store.order",
    "pk": 24,
    "fields": {
        "customer": null,
        "date_ordered": "2020-05-10T08:11:24.107Z",
        "complete": true,
        "transaction_id": "1589098341.818939"
    }
},
{
    "model": "store.order",
    "pk": 25,
    "fields": {
        "customer": null,
        "date_ordered": "2020-05-10T08:26:31.701Z",
        "complete": true,
        "transaction_id": "1589100430.234552"
    }
},
{
    "model": "store.order",
    "pk": 26,
    "fields": {
        "customer": null,
        "date_ordered": "2020-05-10T08:47:49.177Z",
        "complete": true,
        "transaction_id": "1589100482.132918"
    }
},
{
    "model": "store.order",
    "pk": 27,
    "fields": {
        "customer": null,
        "date_ordered": "2020-05-10T08:50:03.280Z",
        "complete": true,
        "transaction_id": "1589100746.573812"
    }
},
{
    "model": "store.order",
    "pk": 28,
    "fields": {
        "customer": null,
        "date_ordered": "2020-05-10T09:05:04.785Z",
        "complete": true,
        "transaction_id": "1589103375.31862"
    }
},
{
    "model": "store.order",
    "pk": 29,
    "fields": {
        "customer": null,
        "date_ordered": "2020-05-10T09:36:18.349Z",
        "complete": true,
        "transaction_id": "1589106414.776028"
    }
},
{
    "model": "store.order",
    "pk": 30,
    "fields": {
        "customer": null,
        "date_ordered": "2020-05-10T10:26:57.454Z",
        "complete": true,
        "transaction_id": "1589197389.852324"
    }
},
{
    "model": "store.order",
    "pk": 31,
    "fields": {
        "customer": null,
        "date_ordered": "2020-05-11T11:43:12.958Z",
        "complete": true,
        "transaction_id": "1589197433.418099"
    }
},
{
    "model": "store.order",
    "pk": 32,
    "fields": {
        "customer": null,
        "date_ordered": "2020-05-11T11:43:56.459Z",
        "complete": true,
        "transaction_id": "1589197609.473209"
    }
},
{
    "model": "store.order",
    "pk": 33,
    "fields": {
        "customer": null,
        "date_ordered": "2020-05-11T11:45:33.670Z",
        "complete": true,
        "transaction_id": "1589197533.63559"
    }
},
{
    "model": "store.order",
    "pk": 34,
    "fields": {
        "customer": null,
        "date_ordered": "2020-05-11T11:46:53.319Z",
        "complete": true,
        "transaction_id": "1589198511.14116"
    }
},
{
    "model": "store.order",
    "pk": 35,
    "fields": {
        "customer": null,
        "date_ordered": "2020-05-11T12:02:01.584Z",
        "complete": true,
        "transaction_id": "1589254831.668882"
    }
},
{
    "model": "store.order",
    "pk": 36,
    "fields": {
        "customer": null,
        "date_ordered": "2020-05-12T03:40:35.441Z",
        "complete": true,
        "transaction_id": "1589342677.347095"
    }
},
{
    "model": "store.order",
    "pk": 37,
    "fields": {
        "customer": null,
        "date_ordered": "2020-05-13T04:04:44.554Z",
        "complete": true,
        "transaction_id": "1589343688.9151"
    }
},
{
    "model": "store.order",
    "pk": 38,
    "fields": {
        "customer": null,
        "date_ordered": "2020-05-13T04:21:35.086Z",
        "complete": true,
        "transaction_id": "1589343710.850688"
    }
},
{
    "model": "store.order",
    "pk": 39,
    "fields": {
        "customer": null,
        "date_ordered": "2020-05-13T04:22:01.452Z",
        "complete": true,
        "transaction_id": "1589371487.495556"
    }
},
{
    "model": "store.order",
    "pk": 40,
    "fields": {
        "customer": null,
        "date_ordered": "2020-05-13T04:42:38.884Z",
        "complete": true,
        "transaction_id": "1589344958.849929"
    }
},
{
    "model": "store.order",
    "pk": 41,
    "fields": {
        "customer": null,
        "date_ordered": "2020-05-13T04:44:38.296Z",
        "complete": true,
        "transaction_id": "1589345078.255704"
    }
},
{
    "model": "store.order",
    "pk": 42,
    "fields": {
        "customer": null,
        "date_ordered": "2020-05-13T04:48:52.106Z",
        "complete": true,
        "transaction_id": "1589345332.067064"
    }
},
{
    "model": "store.order",
    "pk": 43,
    "fields": {
        "customer": null,
        "date_ordered": "2020-05-13T04:53:53.724Z",
        "complete": true,
        "transaction_id": "1589345633.684051"
    }
},
{
    "model": "store.order",
    "pk": 44,
    "fields": {
        "customer": null,
        "date_ordered": "2020-05-13T12:04:49.485Z",
        "complete": false,
        "transaction_id": null
    }
},
{
    "model": "store.order",
    "pk": 45,
    "fields": {
        "customer": null,
        "date_ordered": "2020-05-15T08:21:01.755Z",
        "complete": false,
        "transaction_id": null
    }
},
{
    "model": "store.order",
    "pk": 46,
    "fields": {
        "customer": null,
        "date_ordered": "2020-05-15T08:53:53.824Z",
        "complete": false,
        "transaction_id": null
    }
},
{
    "model": "store.order",
    "pk": 47,
    "fields": {
        "customer": null,
        "date_ordered": "2020-05-15T09:11:44.626Z",
        "complete": false,
        "transaction_id": null
    }
},
{
    "model": "store.order",
    "pk": 48,
    "fields": {
        "customer": null,
        "date_ordered": "2020-05-15T09:13:00.020Z",
        "complete": true,
        "transaction_id": "1589546916.18274"
    }
},
{
    "model": "store.order",
    "pk": 49,
    "fields": {
        "customer": null,
        "date_ordered": "2020-05-15T12:48:40.055Z",
        "complete": false,
        "transaction_id": null
    }
},
{
    "model": "store.order",
    "pk": 50,
    "fields": {
        "customer": null,
        "date_ordered": "2020-05-16T11:26:06.174Z",
        "complete": false,
        "transaction_id": null
    }
},
{
    "model": "store.order",
    "pk": 51,
    "fields": {
        "customer": null,
        "date_ordered": "2020-06-03T03:37:08.142Z",
        "complete": false,
        "transaction_id": null
    }
},
{
    "model": "store.order",
    "pk": 52,
    "fields": {
        "customer": 18,
        "date_ordered": "2020-06-25T13:45:46.741Z",
        "complete": false,
        "transaction_id": null
    }
},
{
    "model": "store.order",
    "pk": 53,
    "fields": {
        "customer": 19,
        "date_ordered": "2020-07-17T03:40:40.284Z",
        "complete": false,
        "transaction_id": null
    }
},
{
    "model": "store.order",
    "pk": 54,
    "fields": {
        "customer": 20,
        "date_ordered": "2020-07-17T08:07:44.805Z",
        "complete": false,
        "transaction_id": null
    }
},
{
    "model": "store.orderitem",
    "pk": 4,
    "fields": {
        "product": null,
        "order": 1,
        "quantity": 3,
        "date_added": "2020-05-07T12:01:33.873Z"
    }
},
{
    "model": "store.orderitem",
    "pk": 11,
    "fields": {
        "product": 2,
        "order": 1,
        "quantity": 6,
        "date_added": "2020-05-07T12:32:11.372Z"
    }
},
{
    "model": "store.orderitem",
    "pk": 12,
    "fields": {
        "product": 2,
        "order": 2,
        "quantity": 3,
        "date_added": "2020-05-09T07:42:48.895Z"
    }
},
{
    "model": "store.orderitem",
    "pk": 13,
    "fields": {
        "product": 3,
        "order": 2,
        "quantity": 3,
        "date_added": "2020-05-09T07:42:48.904Z"
    }
},
{
    "model": "store.orderitem",
    "pk": 14,
    "fields": {
        "product": 2,
        "order": 3,
        "quantity": 3,
        "date_added": "2020-05-09T07:43:27.062Z"
    }
},
{
    "model": "store.orderitem",
    "pk": 15,
    "fields": {
        "product": 3,
        "order": 3,
        "quantity": 3,
        "date_added": "2020-05-09T07:43:27.069Z"
    }
},
{
    "model": "store.orderitem",
    "pk": 16,
    "fields": {
        "product": 2,
        "order": 4,
        "quantity": 3,
        "date_added": "2020-05-09T07:45:52.281Z"
    }
},
{
    "model": "store.orderitem",
    "pk": 17,
    "fields": {
        "product": 3,
        "order": 4,
        "quantity": 3,
        "date_added": "2020-05-09T07:45:52.288Z"
    }
},
{
    "model": "store.orderitem",
    "pk": 18,
    "fields": {
        "product": 2,
        "order": 5,
        "quantity": 1,
        "date_added": "2020-05-09T08:04:42.069Z"
    }
},
{
    "model": "store.orderitem",
    "pk": 19,
    "fields": {
        "product": 3,
        "order": 5,
        "quantity": 1,
        "date_added": "2020-05-09T08:04:45.140Z"
    }
},
{
    "model": "store.orderitem",
    "pk": 20,
    "fields": {
        "product": null,
        "order": 5,
        "quantity": 1,
        "date_added": "2020-05-09T08:04:47.210Z"
    }
},
{
    "model": "store.orderitem",
    "pk": 21,
    "fields": {
        "product": null,
        "order": 5,
        "quantity": 1,
        "date_added": "2020-05-09T08:04:52.827Z"
    }
},
{
    "model": "store.orderitem",
    "pk": 22,
    "fields": {
        "product": 5,
        "order": 6,
        "quantity": 3,
        "date_added": "2020-05-09T08:22:40.657Z"
    }
},
{
    "model": "store.orderitem",
    "pk": 23,
    "fields": {
        "product": 2,
        "order": 7,
        "quantity": 2,
        "date_added": "2020-05-09T08:23:34.556Z"
    }
},
{
    "model": "store.orderitem",
    "pk": 24,
    "fields": {
        "product": 5,
        "order": 7,
        "quantity": 2,
        "date_added": "2020-05-09T08:23:37.809Z"
    }
},
{
    "model": "store.orderitem",
    "pk": 25,
    "fields": {
        "product": null,
        "order": 9,
        "quantity": 1,
        "date_added": "2020-05-09T09:19:40.487Z"
    }
},
{
    "model": "store.orderitem",
    "pk": 26,
    "fields": {
        "product": 3,
        "order": 9,
        "quantity": 1,
        "date_added": "2020-05-09T09:19:40.496Z"
    }
},
{
    "model": "store.orderitem",
    "pk": 27,
    "fields": {
        "product": 3,
        "order": 8,
        "quantity": 4,
        "date_added": "2020-05-09T09:39:33.710Z"
    }
},
{
    "model": "store.orderitem",
    "pk": 28,
    "fields": {
        "product": 3,
        "order": 10,
        "quantity": 1,
        "date_added": "2020-05-09T09:45:01.236Z"
    }
},
{
    "model": "store.orderitem",
    "pk": 29,
    "fields": {
        "product": 3,
        "order": 11,
        "quantity": 1,
        "date_added": "2020-05-09T09:46:47.770Z"
    }
},
{
    "model": "store.orderitem",
    "pk": 30,
    "fields": {
        "product": 3,
        "order": 12,
        "quantity": 1,
        "date_added": "2020-05-09T09:49:56.674Z"
    }
},
{
    "model": "store.orderitem",
    "pk": 31,
    "fields": {
        "product": 2,
        "order": 13,
        "quantity": 1,
        "date_added": "2020-05-09T09:55:40.243Z"
    }
},
{
    "model": "store.orderitem",
    "pk": 32,
    "fields": {
        "product": 3,
        "order": 14,
        "quantity": 1,
        "date_added": "2020-05-09T10:25:18.722Z"
    }
},
{
    "model": "store.orderitem",
    "pk": 33,
    "fields": {
        "product": 2,
        "order": 15,
        "quantity": 1,
        "date_added": "2020-05-09T10:25:42.367Z"
    }
},
{
    "model": "store.orderitem",
    "pk": 34,
    "fields": {
        "product": 3,
        "order": 16,
        "quantity": 1,
        "date_added": "2020-05-09T10:48:21.895Z"
    }
},
{
    "model": "store.orderitem",
    "pk": 35,
    "fields": {
        "product": 3,
        "order": 17,
        "quantity": 1,
        "date_added": "2020-05-09T10:49:45.284Z"
    }
},
{
    "model": "store.orderitem",
    "pk": 37,
    "fields": {
        "product": 2,
        "order": 18,
        "quantity": 5,
        "date_added": "2020-05-09T11:35:31.360Z"
    }
},
{
    "model": "store.orderitem",
    "pk": 38,
    "fields": {
        "product": 3,
        "order": 18,
        "quantity": 2,
        "date_added": "2020-05-09T11:35:35.328Z"
    }
},
{
    "model": "store.orderitem",
    "pk": 39,
    "fields": {
        "product": 3,
        "order": 19,
        "quantity": 2,
        "date_added": "2020-05-09T11:39:21.807Z"
    }
},
{
    "model": "store.orderitem",
    "pk": 40,
    "fields": {
        "product": 3,
        "order": 20,
        "quantity": 7,
        "date_added": "2020-05-09T12:21:44.583Z"
    }
},
{
    "model": "store.orderitem",
    "pk": 41,
    "fields": {
        "product": 3,
        "order": 21,
        "quantity": 1,
        "date_added": "2020-05-10T07:37:39.847Z"
    }
},
{
    "model": "store.orderitem",
    "pk": 42,
    "fields": {
        "product": 3,
        "order": 22,
        "quantity": 1,
        "date_added": "2020-05-10T07:47:07.337Z"
    }
},
{
    "model": "store.orderitem",
    "pk": 43,
    "fields": {
        "product": 3,
        "order": 23,
        "quantity": 1,
        "date_added": "2020-05-10T07:49:55.395Z"
    }
},
{
    "model": "store.orderitem",
    "pk": 44,
    "fields": {
        "product": 3,
        "order": 24,
        "quantity": 1,
        "date_added": "2020-05-10T08:11:27.163Z"
    }
},
{
    "model": "store.orderitem",
    "pk": 45,
    "fields": {
        "product": 2,
        "order": 25,
        "quantity": 1,
        "date_added": "2020-05-10T08:46:56.967Z"
    }
},
{
    "model": "store.orderitem",
    "pk": 46,
    "fields": {
        "product": null,
        "order": 25,
        "quantity": 1,
        "date_added": "2020-05-10T08:46:58.576Z"
    }
},
{
    "model": "store.orderitem",
    "pk": 47,
    "fields": {
        "product": 2,
        "order": 26,
        "quantity": 1,
        "date_added": "2020-05-10T08:47:53.900Z"
    }
},
{
    "model": "store.orderitem",
    "pk": 48,
    "fields": {
        "product": 2,
        "order": 27,
        "quantity": 1,
        "date_added": "2020-05-10T08:52:16.384Z"
    }
},
{
    "model": "store.orderitem",
    "pk": 49,
    "fields": {
        "product": null,
        "order": 27,
        "quantity": 1,
        "date_added": "2020-05-10T08:52:17.766Z"
    }
},
{
    "model": "store.orderitem",
    "pk": 50,
    "fields": {
        "product": 2,
        "order": 28,
        "quantity": 1,
        "date_added": "2020-05-10T09:36:03.831Z"
    }
},
{
    "model": "store.orderitem",
    "pk": 51,
    "fields": {
        "product": 3,
        "order": 29,
        "quantity": 1,
        "date_added": "2020-05-10T10:26:11.617Z"
    }
},
{
    "model": "store.orderitem",
    "pk": 52,
    "fields": {
        "product": 2,
        "order": 29,
        "quantity": 1,
        "date_added": "2020-05-10T10:26:14.489Z"
    }
},
{
    "model": "store.orderitem",
    "pk": 53,
    "fields": {
        "product": null,
        "order": 29,
        "quantity": 1,
        "date_added": "2020-05-10T10:26:17.820Z"
    }
},
{
    "model": "store.orderitem",
    "pk": 54,
    "fields": {
        "product": null,
        "order": 30,
        "quantity": 2,
        "date_added": "2020-05-10T11:10:35.033Z"
    }
},
{
    "model": "store.orderitem",
    "pk": 56,
    "fields": {
        "product": 3,
        "order": 30,
        "quantity": 5,
        "date_added": "2020-05-10T13:38:20.943Z"
    }
},
{
    "model": "store.orderitem",
    "pk": 57,
    "fields": {
        "product": 5,
        "order": 30,
        "quantity": 4,
        "date_added": "2020-05-11T05:45:56.465Z"
    }
},
{
    "model": "store.orderitem",
    "pk": 58,
    "fields": {
        "product": 5,
        "order": 31,
        "quantity": 2,
        "date_added": "2020-05-11T11:43:26.438Z"
    }
},
{
    "model": "store.orderitem",
    "pk": 59,
    "fields": {
        "product": 5,
        "order": 32,
        "quantity": 2,
        "date_added": "2020-05-11T11:44:10.945Z"
    }
},
{
    "model": "store.orderitem",
    "pk": 60,
    "fields": {
        "product": null,
        "order": 32,
        "quantity": 1,
        "date_added": "2020-05-11T11:44:13.772Z"
    }
},
{
    "model": "store.orderitem",
    "pk": 61,
    "fields": {
        "product": null,
        "order": 33,
        "quantity": 1,
        "date_added": "2020-05-11T11:45:33.680Z"
    }
},
{
    "model": "store.orderitem",
    "pk": 62,
    "fields": {
        "product": 5,
        "order": 33,
        "quantity": 1,
        "date_added": "2020-05-11T11:45:33.689Z"
    }
},
{
    "model": "store.orderitem",
    "pk": 63,
    "fields": {
        "product": null,
        "order": 34,
        "quantity": 1,
        "date_added": "2020-05-11T11:50:08.600Z"
    }
},
{
    "model": "store.orderitem",
    "pk": 64,
    "fields": {
        "product": null,
        "order": 34,
        "quantity": 1,
        "date_added": "2020-05-11T11:50:36.472Z"
    }
},
{
    "model": "store.orderitem",
    "pk": 65,
    "fields": {
        "product": 5,
        "order": 34,
        "quantity": 1,
        "date_added": "2020-05-11T12:01:31.688Z"
    }
},
{
    "model": "store.orderitem",
    "pk": 66,
    "fields": {
        "product": null,
        "order": 34,
        "quantity": 2,
        "date_added": "2020-05-11T12:01:40.588Z"
    }
},
{
    "model": "store.orderitem",
    "pk": 67,
    "fields": {
        "product": 2,
        "order": 35,
        "quantity": 1,
        "date_added": "2020-05-12T03:40:08.166Z"
    }
},
{
    "model": "store.orderitem",
    "pk": 68,
    "fields": {
        "product": 3,
        "order": 35,
        "quantity": 1,
        "date_added": "2020-05-12T03:40:10.535Z"
    }
},
{
    "model": "store.orderitem",
    "pk": 70,
    "fields": {
        "product": 46,
        "order": 36,
        "quantity": 1,
        "date_added": "2020-05-13T04:03:38.697Z"
    }
},
{
    "model": "store.orderitem",
    "pk": 71,
    "fields": {
        "product": 52,
        "order": 36,
        "quantity": 1,
        "date_added": "2020-05-13T04:03:41.147Z"
    }
},
{
    "model": "store.orderitem",
    "pk": 72,
    "fields": {
        "product": 32,
        "order": 36,
        "quantity": 1,
        "date_added": "2020-05-13T04:03:55.697Z"
    }
},
{
    "model": "store.orderitem",
    "pk": 73,
    "fields": {
        "product": 33,
        "order": 36,
        "quantity": 1,
        "date_added": "2020-05-13T04:03:57.554Z"
    }
},
{
    "model": "store.orderitem",
    "pk": 74,
    "fields": {
        "product": 3,
        "order": 36,
        "quantity": 1,
        "date_added": "2020-05-13T04:04:07.244Z"
    }
},
{
    "model": "store.orderitem",
    "pk": 75,
    "fields": {
        "product": null,
        "order": 36,
        "quantity": 1,
        "date_added": "2020-05-13T04:04:08.556Z"
    }
},
{
    "model": "store.orderitem",
    "pk": 76,
    "fields": {
        "product": 8,
        "order": 36,
        "quantity": 1,
        "date_added": "2020-05-13T04:04:09.524Z"
    }
},
{
    "model": "store.orderitem",
    "pk": 77,
    "fields": {
        "product": 5,
        "order": 37,
        "quantity": 1,
        "date_added": "2020-05-13T04:20:50.793Z"
    }
},
{
    "model": "store.orderitem",
    "pk": 78,
    "fields": {
        "product": 3,
        "order": 40,
        "quantity": 1,
        "date_added": "2020-05-13T04:42:38.893Z"
    }
},
{
    "model": "store.orderitem",
    "pk": 79,
    "fields": {
        "product": null,
        "order": 41,
        "quantity": 1,
        "date_added": "2020-05-13T04:44:38.309Z"
    }
},
{
    "model": "store.orderitem",
    "pk": 80,
    "fields": {
        "product": 5,
        "order": 41,
        "quantity": 1,
        "date_added": "2020-05-13T04:44:38.318Z"
    }
},
{
    "model": "store.orderitem",
    "pk": 81,
    "fields": {
        "product": null,
        "order": 42,
        "quantity": 1,
        "date_added": "2020-05-13T04:48:52.114Z"
    }
},
{
    "model": "store.orderitem",
    "pk": 82,
    "fields": {
        "product": 5,
        "order": 43,
        "quantity": 1,
        "date_added": "2020-05-13T04:53:53.733Z"
    }
},
{
    "model": "store.orderitem",
    "pk": 83,
    "fields": {
        "product": null,
        "order": 43,
        "quantity": 1,
        "date_added": "2020-05-13T04:53:53.742Z"
    }
},
{
    "model": "store.orderitem",
    "pk": 87,
    "fields": {
        "product": 3,
        "order": 39,
        "quantity": 1,
        "date_added": "2020-05-13T11:23:19.968Z"
    }
},
{
    "model": "store.orderitem",
    "pk": 88,
    "fields": {
        "product": null,
        "order": 39,
        "quantity": 1,
        "date_added": "2020-05-13T11:23:22.686Z"
    }
},
{
    "model": "store.orderitem",
    "pk": 89,
    "fields": {
        "product": 52,
        "order": 39,
        "quantity": 1,
        "date_added": "2020-05-13T11:23:43.515Z"
    }
},
{
    "model": "store.orderitem",
    "pk": 90,
    "fields": {
        "product": 53,
        "order": 39,
        "quantity": 1,
        "date_added": "2020-05-13T11:23:45.861Z"
    }
},
{
    "model": "store.orderitem",
    "pk": 91,
    "fields": {
        "product": 37,
        "order": 39,
        "quantity": 1,
        "date_added": "2020-05-13T11:23:55.762Z"
    }
},
{
    "model": "store.orderitem",
    "pk": 92,
    "fields": {
        "product": null,
        "order": 39,
        "quantity": 2,
        "date_added": "2020-05-13T11:24:56.655Z"
    }
},
{
    "model": "store.orderitem",
    "pk": 93,
    "fields": {
        "product": null,
        "order": 44,
        "quantity": 5,
        "date_added": "2020-05-13T12:38:38.947Z"
    }
},
{
    "model": "store.orderitem",
    "pk": 94,
    "fields": {
        "product": 2,
        "order": 44,
        "quantity": 1,
        "date_added": "2020-05-13T13:18:42.633Z"
    }
},
{
    "model": "store.orderitem",
    "pk": 95,
    "fields": {
        "product": 36,
        "order": 44,
        "quantity": 2,
        "date_added": "2020-05-13T16:07:29.528Z"
    }
},
{
    "model": "store.orderitem",
    "pk": 96,
    "fields": {
        "product": null,
        "order": 44,
        "quantity": 2,
        "date_added": "2020-05-14T04:04:35.562Z"
    }
},
{
    "model": "store.orderitem",
    "pk": 97,
    "fields": {
        "product": 43,
        "order": 44,
        "quantity": 2,
        "date_added": "2020-05-14T05:33:33.972Z"
    }
},
{
    "model": "store.orderitem",
    "pk": 98,
    "fields": {
        "product": 46,
        "order": 44,
        "quantity": 1,
        "date_added": "2020-05-14T05:33:37.323Z"
    }
},
{
    "model": "store.orderitem",
    "pk": 99,
    "fields": {
        "product": 46,
        "order": 44,
        "quantity": 1,
        "date_added": "2020-05-14T05:33:37.327Z"
    }
},
{
    "model": "store.orderitem",
    "pk": 100,
    "fields": {
        "product": 50,
        "order": 44,
        "quantity": 2,
        "date_added": "2020-05-14T05:33:39.619Z"
    }
},
{
    "model": "store.orderitem",
    "pk": 101,
    "fields": {
        "product": null,
        "order": 48,
        "quantity": 1,
        "date_added": "2020-05-15T09:26:43.964Z"
    }
},
{
    "model": "store.orderitem",
    "pk": 102,
    "fields": {
        "product": 5,
        "order": 48,
        "quantity": 1,
        "date_added": "2020-05-15T09:26:53.173Z"
    }
},
{
    "model": "store.orderitem",
    "pk": 103,
    "fields": {
        "product": null,
        "order": 50,
        "quantity": 1,
        "date_added": "2020-05-31T06:55:27.931Z"
    }
},
{
    "model": "store.orderitem",
    "pk": 104,
    "fields": {
        "product": null,
        "order": 47,
        "quantity": 1,
        "date_added": "2020-06-01T06:33:09.770Z"
    }
},
{
    "model": "store.orderitem",
    "pk": 105,
    "fields": {
        "product": null,
        "order": 49,
        "quantity": 1,
        "date_added": "2020-06-02T06:01:08.558Z"
    }
},
{
    "model": "store.orderitem",
    "pk": 112,
    "fields": {
        "product": 5,
        "order": 53,
        "quantity": 5,
        "date_added": "2020-07-17T05:17:52.019Z"
    }
},
{
    "model": "store.orderitem",
    "pk": 119,
    "fields": {
        "product": 5,
        "order": 52,
        "quantity": 4,
        "date_added": "2020-07-17T09:22:32.214Z"
    }
},
{
    "model": "store.orderitem",
    "pk": 120,
    "fields": {
        "product": 3,
        "order": 52,
        "quantity": 100,
        "date_added": "2020-07-17T09:35:13.612Z"
    }
},
{
    "model": "store.orderitem",
    "pk": 121,
    "fields": {
        "product": 32,
        "order": 52,
        "quantity": 1,
        "date_added": "2020-07-17T14:05:21.139Z"
    }
},
{
    "model": "store.shippingaddress",
    "pk": 19,
    "fields": {
        "customer": null,
        "order": 18,
        "address": "Sauraha Pharsatikar, Rupandehi district",
        "city": "Butwal",
        "state": "Rupandehi",
        "zipcode": "32900",
        "date_added": "2020-05-10T07:27:39.414Z"
    }
},
{
    "model": "store.shippingaddress",
    "pk": 20,
    "fields": {
        "customer": null,
        "order": 21,
        "address": "Kathmandu",
        "city": "Thapathali",
        "state": "Purba tol",
        "zipcode": "32900",
        "date_added": "2020-05-10T07:39:45.129Z"
    }
},
{
    "model": "store.shippingaddress",
    "pk": 21,
    "fields": {
        "customer": null,
        "order": 22,
        "address": "Kathmandu",
        "city": "Thapathali",
        "state": "Purba tol",
        "zipcode": "32900",
        "date_added": "2020-05-10T07:47:34.032Z"
    }
},
{
    "model": "store.shippingaddress",
    "pk": 22,
    "fields": {
        "customer": null,
        "order": 23,
        "address": "Sauraha Pharsatikar, Rupandehi district",
        "city": "Butwal",
        "state": "Rupandehi",
        "zipcode": "32900",
        "date_added": "2020-05-10T07:50:08.876Z"
    }
},
{
    "model": "store.shippingaddress",
    "pk": 23,
    "fields": {
        "customer": null,
        "order": 24,
        "address": "Sauraha Pharsatikar, Rupandehi district",
        "city": "Butwal",
        "state": "Rupandehi",
        "zipcode": "32900",
        "date_added": "2020-05-10T08:12:21.860Z"
    }
},
{
    "model": "store.shippingaddress",
    "pk": 24,
    "fields": {
        "customer": null,
        "order": 25,
        "address": "Sauraha Pharsatikar, Rupandehi district",
        "city": "Butwal",
        "state": "Rupandehi",
        "zipcode": "32900",
        "date_added": "2020-05-10T08:47:10.296Z"
    }
},
{
    "model": "store.shippingaddress",
    "pk": 25,
    "fields": {
        "customer": null,
        "order": 26,
        "address": "Sauraha Pharsatikar, Rupandehi district",
        "city": "Butwal",
        "state": "Rupandehi",
        "zipcode": "32900",
        "date_added": "2020-05-10T08:48:02.211Z"
    }
},
{
    "model": "store.shippingaddress",
    "pk": 26,
    "fields": {
        "customer": null,
        "order": 27,
        "address": "Sauraha Pharsatikar, Rupandehi district",
        "city": "Butwal",
        "state": "Rupandehi",
        "zipcode": "32900",
        "date_added": "2020-05-10T08:52:26.619Z"
    }
},
{
    "model": "store.shippingaddress",
    "pk": 27,
    "fields": {
        "customer": null,
        "order": 28,
        "address": "Sauraha Pharsatikar, Rupandehi district",
        "city": "Butwal",
        "state": "Rupandehi",
        "zipcode": "32900",
        "date_added": "2020-05-10T09:36:15.340Z"
    }
},
{
    "model": "store.shippingaddress",
    "pk": 28,
    "fields": {
        "customer": null,
        "order": 29,
        "address": "Sauraha Pharsatikar, Rupandehi district",
        "city": "Butwal",
        "state": "Rupandehi",
        "zipcode": "32900",
        "date_added": "2020-05-10T10:26:54.809Z"
    }
},
{
    "model": "store.shippingaddress",
    "pk": 29,
    "fields": {
        "customer": null,
        "order": 30,
        "address": "Sauraha Pharsatikar, Rupandehi district",
        "city": "Butwal",
        "state": "Rupandehi",
        "zipcode": "32900",
        "date_added": "2020-05-11T11:43:09.915Z"
    }
},
{
    "model": "store.shippingaddress",
    "pk": 30,
    "fields": {
        "customer": null,
        "order": 34,
        "address": "Sauraha Pharsatikar, Rupandehi district",
        "city": "Butwal",
        "state": "Rupandehi",
        "zipcode": "32900",
        "date_added": "2020-05-11T12:01:51.237Z"
    }
},
{
    "model": "store.shippingaddress",
    "pk": 31,
    "fields": {
        "customer": null,
        "order": 35,
        "address": "Sauraha Pharsatikar, Rupandehi district",
        "city": "Butwal",
        "state": "Rupandehi",
        "zipcode": "32900",
        "date_added": "2020-05-12T03:40:31.694Z"
    }
},
{
    "model": "store.shippingaddress",
    "pk": 32,
    "fields": {
        "customer": null,
        "order": 36,
        "address": "Sauraha Pharsatikar, Rupandehi district",
        "city": "Butwal",
        "state": "Rupandehi",
        "zipcode": "32900",
        "date_added": "2020-05-13T04:04:37.448Z"
    }
},
{
    "model": "store.shippingaddress",
    "pk": 33,
    "fields": {
        "customer": null,
        "order": 40,
        "address": "Sauraha Pharsatikar, Rupandehi district",
        "city": "Butwal",
        "state": "Rupandehi",
        "zipcode": "32900",
        "date_added": "2020-05-13T04:42:38.915Z"
    }
},
{
    "model": "store.shippingaddress",
    "pk": 34,
    "fields": {
        "customer": null,
        "order": 41,
        "address": "Sauraha Pharsatikar, Rupandehi district",
        "city": "Butwal",
        "state": "Rupandehi",
        "zipcode": "32900",
        "date_added": "2020-05-13T04:44:38.340Z"
    }
},
{
    "model": "store.shippingaddress",
    "pk": 35,
    "fields": {
        "customer": null,
        "order": 42,
        "address": "Sauraha Pharsatikar, Rupandehi district",
        "city": "Butwal",
        "state": "Rupandehi",
        "zipcode": "32900",
        "date_added": "2020-05-13T04:48:52.137Z"
    }
},
{
    "model": "store.shippingaddress",
    "pk": 36,
    "fields": {
        "customer": null,
        "order": 43,
        "address": "Sauraha Pharsatikar, Rupandehi district",
        "city": "Butwal",
        "state": "Rupandehi",
        "zipcode": "32900",
        "date_added": "2020-05-13T04:53:53.773Z"
    }
},
{
    "model": "store.shippingaddress",
    "pk": 37,
    "fields": {
        "customer": null,
        "order": 39,
        "address": "Sauraha Pharsatikar, Rupandehi district",
        "city": "Butwal",
        "state": "Rupandehi",
        "zipcode": "32900",
        "date_added": "2020-05-13T12:04:47.623Z"
    }
},
{
    "model": "store.shippingaddress",
    "pk": 38,
    "fields": {
        "customer": null,
        "order": 48,
        "address": "Sauraha Pharsatikar, Rupandehi district",
        "city": "Butwal",
        "state": "Rupandehi",
        "zipcode": "32900",
        "date_added": "2020-05-15T12:48:36.242Z"
    }
}
]
